image_name,label
fire_0316.jpg,1
fire_0425.jpg,1
abc126.jpg,1
fire_0389.jpg,1
abc117.jpg,1
fire_0099.jpg,1
fire_0267.jpg,1
fire_0643.jpg,1
fire_0727.jpg,1
fire_0147.jpg,1
abc133.jpg,1
fire_0330.jpg,1
fire_0512.jpg,1
fire_0005.jpg,1
fire_0661.jpg,1
fire_0140.jpg,1
fire_0231.jpg,1
fire_0348.jpg,1
fire_0557.jpg,1
fire_0094.jpg,1
abc128.jpg,1
fire_0121.jpg,1
fire_0046.jpg,1
fire_0399.jpg,1
abc185.jpg,1
fire_0625.jpg,1
fire_0553.jpg,1
fire_0362.jpg,1
fire_0327.jpg,1
fire_0669.jpg,1
fire_0382.jpg,1
abc122.jpg,1
fire_0160.jpg,1
fire_0341.jpg,1
fire_0517.jpg,1
abc044.jpg,1
fire_0155.jpg,1
fire_0156.jpg,1
abc186.jpg,1
fire_0221.jpg,1
fire_0642.jpg,1
abc050.jpg,1
fire_0337.jpg,1
fire_0566.jpg,1
fire_0434.jpg,1
abc040.jpg,1
fire_0579.jpg,1
abc178.jpg,1
abc061.jpg,1
abc099.jpg,1
fire_0826.jpg,1
fire_0097.jpg,1
fire_0167.jpg,1
fire_0308.jpg,1
fire_0223.jpg,1
fire_0197.jpg,1
abc169.jpg,1
fire_0560.jpg,1
abc151.jpg,1
fire_0215.jpg,1
fire_0148.jpg,1
fire_0443.jpg,1
fire_0036.jpg,1
fire_0452.jpg,1
fire_0037.jpg,1
abc110.jpg,1
fire_0380.jpg,1
abc096.jpg,1
fire_0171.jpg,1
fire_0654.jpg,1
fire_0693.jpg,1
fire_0210.jpg,1
fire_0198.jpg,1
fire_0119.jpg,1
fire_0101.jpg,1
fire_0242.jpg,1
fire_0029.jpg,1
abc060.jpg,1
fire_0569.jpg,1
fire_0245.jpg,1
abc083.jpg,1
fire_0491.jpg,1
fire_0311.jpg,1
fire_0133.jpg,1
fire_0703.jpg,1
fire_0525.jpg,1
abc153.jpg,1
fire_0165.jpg,1
fire_0377.jpg,1
fire_0051.jpg,1
fire_0592.jpg,1
fire_0256.jpg,1
fire_0459.jpg,1
fire_0407.jpg,1
fire_0345.jpg,1
fire_0724.jpg,1
abc073.jpg,1
abc011.jpg,1
fire_0712.jpg,1
abc161.jpg,1
fire_0456.jpg,1
fire_0872.jpg,1
fire_0609.jpg,1
fire_0611.jpg,1
fire_0561.jpg,1
fire_0461.jpg,1
fire_0516.jpg,1
fire_0713.jpg,1
fire_0575.jpg,1
fire_0179.jpg,1
fire_0601.jpg,1
fire_0828.jpg,1
fire_0449.jpg,1
fire_0901.jpg,1
fire_0458.jpg,1
fire_0112.jpg,1
fire_0464.jpg,1
fire_0535.jpg,1
fire_0599.jpg,1
fire_0157.jpg,1
fire_0020.jpg,1
fire_0298.jpg,1
fire_0323.jpg,1
fire_0336.jpg,1
abc059.jpg,1
abc029.jpg,1
fire_0269.jpg,1
abc013.jpg,1
fire_0278.jpg,1
abc039.jpg,1
fire_0025.jpg,1
fire_0503.jpg,1
fire_0616.jpg,1
fire_0136.jpg,1
abc189.jpg,1
fire_0677.jpg,1
fire_0006.jpg,1
abc147.jpg,1
fire_0164.jpg,1
fire_0446.jpg,1
fire_0405.jpg,1
fire_0519.jpg,1
fire_0205.jpg,1
fire_0603.jpg,1
fire_0027.jpg,1
fire_0292.jpg,1
fire_0403.jpg,1
fire_0024.jpg,1
fire_0672.jpg,1
abc072.jpg,1
abc070.jpg,1
fire_0183.jpg,1
abc091.jpg,1
fire_0522.jpg,1
fire_0558.jpg,1
fire_0608.jpg,1
fire_0233.jpg,1
fire_0276.jpg,1
fire_0706.jpg,1
fire_0104.jpg,1
abc051.jpg,1
fire_0090.jpg,1
fire_0370.jpg,1
fire_0196.jpg,1
fire_0312.jpg,1
fire_0704.jpg,1
fire_0414.jpg,1
fire_0903.jpg,1
fire_0646.jpg,1
fire_0453.jpg,1
fire_0550.jpg,1
fire_0244.jpg,1
abc143.jpg,1
abc154.jpg,1
fire_0501.jpg,1
fire_0335.jpg,1
fire_0600.jpg,1
fire_0870.jpg,1
fire_0017.jpg,1
abc123.jpg,1
fire_0469.jpg,1
fire_0580.jpg,1
fire_0523.jpg,1
fire_0515.jpg,1
fire_0711.jpg,1
fire_0072.jpg,1
abc027.jpg,1
fire_0554.jpg,1
fire_0069.jpg,1
abc033.jpg,1
fire_0583.jpg,1
fire_0067.jpg,1
fire_0854.jpg,1
fire_0460.jpg,1
fire_0113.jpg,1
fire_0513.jpg,1
fire_0385.jpg,1
fire_0660.jpg,1
fire_0457.jpg,1
fire_0676.jpg,1
fire_0708.jpg,1
fire_0390.jpg,1
fire_0050.jpg,1
abc069.jpg,1
fire_0168.jpg,1
fire_0498.jpg,1
fire_0187.jpg,1
fire_0406.jpg,1
abc003.jpg,1
fire_0217.jpg,1
abc170.jpg,1
fire_0224.jpg,1
fire_0426.jpg,1
fire_0710.jpg,1
fire_0060.jpg,1
abc079.jpg,1
fire_0055.jpg,1
fire_0107.jpg,1
fire_0447.jpg,1
fire_0359.jpg,1
fire_0191.jpg,1
abc009.jpg,1
fire_0655.jpg,1
fire_0161.jpg,1
fire_0218.jpg,1
fire_0381.jpg,1
fire_0622.jpg,1
fire_0296.jpg,1
fire_0482.jpg,1
fire_0033.jpg,1
fire_0015.jpg,1
fire_0639.jpg,1
abc163.jpg,1
fire_0731.jpg,1
fire_0416.jpg,1
fire_0415.jpg,1
abc020.jpg,1
fire_0629.jpg,1
abc032.jpg,1
fire_0584.jpg,1
fire_0071.jpg,1
fire_0108.jpg,1
fire_0201.jpg,1
fire_0420.jpg,1
fire_0564.jpg,1
fire_0529.jpg,1
abc081.jpg,1
fire_0613.jpg,1
fire_0473.jpg,1
fire_0206.jpg,1
fire_0268.jpg,1
fire_0548.jpg,1
fire_0442.jpg,1
fire_0848.jpg,1
fire_0479.jpg,1
fire_0376.jpg,1
fire_0199.jpg,1
abc112.jpg,1
fire_0429.jpg,1
fire_0288.jpg,1
fire_0142.jpg,1
fire_0170.jpg,1
fire_0549.jpg,1
fire_0543.jpg,1
fire_0030.jpg,1
fire_0139.jpg,1
fire_0289.jpg,1
fire_0619.jpg,1
fire_0534.jpg,1
abc149.jpg,1
fire_0320.jpg,1
fire_0227.jpg,1
fire_0260.jpg,1
fire_0570.jpg,1
fire_0021.jpg,1
fire_0588.jpg,1
fire_0652.jpg,1
fire_0028.jpg,1
fire_0255.jpg,1
abc071.jpg,1
fire_0356.jpg,1
abc184.jpg,1
fire_0620.jpg,1
fire_0125.jpg,1
fire_0692.jpg,1
fire_0656.jpg,1
abc125.jpg,1
fire_0422.jpg,1
fire_0110.jpg,1
fire_0304.jpg,1
fire_0096.jpg,1
fire_0169.jpg,1
abc025.jpg,1
abc015.jpg,1
fire_0286.jpg,1
fire_0883.jpg,1
fire_0237.jpg,1
fire_0664.jpg,1
fire_0454.jpg,1
fire_0627.jpg,1
fire_0428.jpg,1
fire_0106.jpg,1
fire_0350.jpg,1
abc119.jpg,1
fire_0306.jpg,1
abc166.jpg,1
fire_0455.jpg,1
fire_0079.jpg,1
fire_0250.jpg,1
fire_0088.jpg,1
fire_0635.jpg,1
fire_0593.jpg,1
fire_0077.jpg,1
abc007.jpg,1
fire_0659.jpg,1
fire_0640.jpg,1
abc107.jpg,1
fire_0506.jpg,1
fire_0120.jpg,1
fire_0500.jpg,1
fire_0318.jpg,1
fire_0018.jpg,1
fire_0039.jpg,1
fire_0295.jpg,1
fire_0636.jpg,1
fire_0068.jpg,1
fire_0697.jpg,1
fire_0705.jpg,1
fire_0166.jpg,1
abc094.jpg,1
fire_0052.jpg,1
fire_0150.jpg,1
fire_0219.jpg,1
fire_0134.jpg,1
abc085.jpg,1
fire_0372.jpg,1
fire_0439.jpg,1
fire_0690.jpg,1
abc076.jpg,1
fire_0048.jpg,1
fire_0158.jpg,1
fire_0091.jpg,1
fire_0220.jpg,1
fire_0699.jpg,1
fire_0531.jpg,1
fire_0047.jpg,1
abc087.jpg,1
fire_0204.jpg,1
fire_0284.jpg,1
fire_0263.jpg,1
fire_0146.jpg,1
fire_0254.jpg,1
fire_0111.jpg,1
fire_0038.jpg,1
fire_0510.jpg,1
fire_0668.jpg,1
fire_0086.jpg,1
fire_0324.jpg,1
fire_0243.jpg,1
abc100.jpg,1
fire_0486.jpg,1
fire_0431.jpg,1
fire_0538.jpg,1
abc103.jpg,1
fire_0195.jpg,1
fire_0093.jpg,1
fire_0536.jpg,1
fire_0401.jpg,1
fire_0339.jpg,1
fire_0065.jpg,1
fire_0508.jpg,1
fire_0042.jpg,1
fire_0709.jpg,1
fire_0081.jpg,1
fire_0369.jpg,1
fire_0670.jpg,1
fire_0721.jpg,1
fire_0582.jpg,1
abc106.jpg,1
fire_0317.jpg,1
fire_0526.jpg,1
fire_0495.jpg,1
fire_0354.jpg,1
abc002.jpg,1
fire_0559.jpg,1
abc037.jpg,1
abc183.jpg,1
fire_0470.jpg,1
abc190.jpg,1
fire_0511.jpg,1
fire_0492.jpg,1
fire_0546.jpg,1
abc101.jpg,1
fire_0679.jpg,1
fire_0353.jpg,1
fire_0004.jpg,1
fire_0178.jpg,1
fire_0555.jpg,1
fire_0194.jpg,1
fire_0590.jpg,1
fire_0144.jpg,1
fire_0395.jpg,1
fire_0014.jpg,1
fire_0262.jpg,1
fire_0137.jpg,1
abc118.jpg,1
fire_0528.jpg,1
abc024.jpg,1
fire_0701.jpg,1
fire_0200.jpg,1
fire_0070.jpg,1
fire_0451.jpg,1
fire_0294.jpg,1
fire_0138.jpg,1
fire_0375.jpg,1
fire_0551.jpg,1
fire_0045.jpg,1
fire_0845.jpg,1
fire_0685.jpg,1
fire_0488.jpg,1
fire_0521.jpg,1
fire_0128.jpg,1
fire_0208.jpg,1
fire_0153.jpg,1
fire_0232.jpg,1
fire_0484.jpg,1
abc150.jpg,1
abc046.jpg,1
fire_0287.jpg,1
fire_0533.jpg,1
fire_0441.jpg,1
fire_0817.jpg,1
fire_0568.jpg,1
fire_0114.jpg,1
fire_0675.jpg,1
abc155.jpg,1
fire_0644.jpg,1
fire_0398.jpg,1
fire_0143.jpg,1
fire_0490.jpg,1
fire_0641.jpg,1
abc179.jpg,1
fire_0483.jpg,1
fire_0049.jpg,1
fire_0786.jpg,1
fire_0520.jpg,1
fire_0240.jpg,1
fire_0149.jpg,1
abc031.jpg,1
fire_0151.jpg,1
fire_0193.jpg,1
abc042.jpg,1
fire_0152.jpg,1
fire_0621.jpg,1
fire_0589.jpg,1
fire_0404.jpg,1
abc174.jpg,1
fire_0089.jpg,1
fire_0386.jpg,1
fire_0480.jpg,1
fire_0695.jpg,1
abc165.jpg,1
fire_0366.jpg,1
fire_0331.jpg,1
abc130.jpg,1
fire_0435.jpg,1
fire_0092.jpg,1
abc104.jpg,1
abc063.jpg,1
fire_0626.jpg,1
fire_0418.jpg,1
fire_0663.jpg,1
fire_0116.jpg,1
fire_0105.jpg,1
fire_0468.jpg,1
abc120.jpg,1
abc082.jpg,1
fire_0303.jpg,1
fire_0576.jpg,1
fire_0577.jpg,1
abc172.jpg,1
abc115.jpg,1
fire_0248.jpg,1
abc140.jpg,1
fire_0602.jpg,1
abc019.jpg,1
fire_0673.jpg,1
fire_0209.jpg,1
fire_0532.jpg,1
fire_0078.jpg,1
fire_0307.jpg,1
abc108.jpg,1
abc137.jpg,1
fire_0032.jpg,1
fire_0273.jpg,1
fire_0476.jpg,1
fire_0188.jpg,1
fire_0499.jpg,1
fire_0723.jpg,1
fire_0329.jpg,1
fire_0412.jpg,1
abc017.jpg,1
abc097.jpg,1
fire_0378.jpg,1
fire_0216.jpg,1
abc142.jpg,1
fire_0437.jpg,1
fire_0879.jpg,1
abc052.jpg,1
fire_0773.jpg,1
abc159.jpg,1
abc129.jpg,1
fire_0585.jpg,1
fire_0102.jpg,1
fire_0780.jpg,1
fire_0617.jpg,1
abc132.jpg,1
abc068.jpg,1
abc028.jpg,1
abc045.jpg,1
fire_0044.jpg,1
fire_0680.jpg,1
fire_0230.jpg,1
abc138.jpg,1
abc048.jpg,1
fire_0785.jpg,1
fire_0159.jpg,1
fire_0321.jpg,1
fire_0322.jpg,1
abc008.jpg,1
fire_0326.jpg,1
fire_0657.jpg,1
abc080.jpg,1
fire_0477.jpg,1
fire_0212.jpg,1
fire_0618.jpg,1
fire_0518.jpg,1
fire_0563.jpg,1
fire_0497.jpg,1
fire_0688.jpg,1
fire_0314.jpg,1
fire_0552.jpg,1
fire_0678.jpg,1
fire_0581.jpg,1
abc181.jpg,1
fire_0358.jpg,1
fire_0540.jpg,1
fire_0141.jpg,1
fire_0514.jpg,1
abc012.jpg,1
fire_0594.jpg,1
abc038.jpg,1
fire_0413.jpg,1
fire_0239.jpg,1
abc095.jpg,1
abc135.jpg,1
abc145.jpg,1
fire_0388.jpg,1
fire_0214.jpg,1
fire_0082.jpg,1
abc026.jpg,1
fire_0607.jpg,1
fire_0131.jpg,1
fire_0502.jpg,1
fire_0524.jpg,1
fire_0302.jpg,1
fire_0022.jpg,1
fire_0003.jpg,1
abc055.jpg,1
fire_0481.jpg,1
fire_0902.jpg,1
abc053.jpg,1
fire_0080.jpg,1
abc177.jpg,1
fire_0300.jpg,1
abc156.jpg,1
fire_0720.jpg,1
abc047.jpg,1
fire_0363.jpg,1
fire_0357.jpg,1
fire_0064.jpg,1
fire_0489.jpg,1
fire_0628.jpg,1
fire_0270.jpg,1
fire_0054.jpg,1
fire_0682.jpg,1
fire_0829.jpg,1
fire_0063.jpg,1
fire_0293.jpg,1
fire_0011.jpg,1
fire_0832.jpg,1
fire_0056.jpg,1
fire_0578.jpg,1
abc035.jpg,1
abc180.jpg,1
fire_0729.jpg,1
abc105.jpg,1
fire_0313.jpg,1
fire_0246.jpg,1
fire_0087.jpg,1
fire_0698.jpg,1
fire_0638.jpg,1
fire_0103.jpg,1
fire_0400.jpg,1
fire_0013.jpg,1
fire_0282.jpg,1
abc054.jpg,1
fire_0040.jpg,1
fire_0280.jpg,1
fire_0190.jpg,1
abc075.jpg,1
fire_0591.jpg,1
abc074.jpg,1
fire_0259.jpg,1
fire_0059.jpg,1
fire_0598.jpg,1
fire_0436.jpg,1
fire_0408.jpg,1
fire_0633.jpg,1
fire_0333.jpg,1
fire_0743.jpg,1
fire_0772.jpg,1
abc014.jpg,1
fire_0605.jpg,1
fire_0383.jpg,1
fire_0349.jpg,1
fire_0173.jpg,1
fire_0095.jpg,1
fire_0008.jpg,1
abc005.jpg,1
fire_0234.jpg,1
fire_0061.jpg,1
abc168.jpg,1
fire_0034.jpg,1
abc102.jpg,1
fire_0066.jpg,1
fire_0471.jpg,1
fire_0614.jpg,1
fire_0367.jpg,1
abc010.jpg,1
fire_0885.jpg,1
fire_0547.jpg,1
fire_0384.jpg,1
abc146.jpg,1
fire_0637.jpg,1
fire_0597.jpg,1
abc148.jpg,1
fire_0556.jpg,1
abc086.jpg,1
fire_0009.jpg,1
fire_0612.jpg,1
fire_0632.jpg,1
fire_0683.jpg,1
abc078.jpg,1
fire_0274.jpg,1
fire_0074.jpg,1
fire_0702.jpg,1
abc022.jpg,1
fire_0001.jpg,1
abc131.jpg,1
fire_0175.jpg,1
fire_0272.jpg,1
fire_0145.jpg,1
fire_0010.jpg,1
fire_0279.jpg,1
abc041.jpg,1
abc144.jpg,1
fire_0615.jpg,1
fire_0596.jpg,1
abc043.jpg,1
fire_0122.jpg,1
abc001.jpg,1
fire_0689.jpg,1
fire_0465.jpg,1
fire_0409.jpg,1
fire_0126.jpg,1
fire_0180.jpg,1
fire_0475.jpg,1
fire_0129.jpg,1
fire_0419.jpg,1
fire_0344.jpg,1
fire_0257.jpg,1
abc116.jpg,1
fire_0717.jpg,1
abc114.jpg,1
abc121.jpg,1
fire_0604.jpg,1
fire_0241.jpg,1
abc006.jpg,1
fire_0648.jpg,1
fire_0247.jpg,1
fire_0189.jpg,1
abc134.jpg,1
fire_0019.jpg,1
fire_0855.jpg,1
fire_0084.jpg,1
fire_0746.jpg,1
fire_0211.jpg,1
fire_0658.jpg,1
fire_0730.jpg,1
fire_0463.jpg,1
abc049.jpg,1
fire_0509.jpg,1
fire_0541.jpg,1
fire_0026.jpg,1
fire_0130.jpg,1
fire_0275.jpg,1
fire_0474.jpg,1
abc036.jpg,1
abc077.jpg,1
fire_0109.jpg,1
abc034.jpg,1
fire_0427.jpg,1
fire_0662.jpg,1
fire_0290.jpg,1
fire_0700.jpg,1
fire_0301.jpg,1
fire_0100.jpg,1
fire_0315.jpg,1
fire_0444.jpg,1
fire_0338.jpg,1
fire_0041.jpg,1
fire_0421.jpg,1
fire_0124.jpg,1
fire_0163.jpg,1
abc176.jpg,1
abc084.jpg,1
fire_0365.jpg,1
fire_0192.jpg,1
abc030.jpg,1
fire_0371.jpg,1
abc124.jpg,1
fire_0374.jpg,1
fire_0402.jpg,1
abc067.jpg,1
fire_0445.jpg,1
fire_0319.jpg,1
fire_0393.jpg,1
fire_0411.jpg,1
fire_0728.jpg,1
fire_0496.jpg,1
fire_0207.jpg,1
fire_0229.jpg,1
fire_0181.jpg,1
fire_0132.jpg,1
fire_0226.jpg,1
fire_0392.jpg,1
fire_0610.jpg,1
fire_0225.jpg,1
abc088.jpg,1
fire_0283.jpg,1
fire_0213.jpg,1
fire_0235.jpg,1
fire_0686.jpg,1
abc188.jpg,1
fire_0252.jpg,1
fire_0666.jpg,1
fire_0715.jpg,1
abc090.jpg,1
abc056.jpg,1
fire_0649.jpg,1
abc158.jpg,1
fire_0222.jpg,1
fire_0714.jpg,1
fire_0562.jpg,1
abc136.jpg,1
fire_0624.jpg,1
abc152.jpg,1
fire_0595.jpg,1
fire_0466.jpg,1
fire_0174.jpg,1
fire_0258.jpg,1
fire_0162.jpg,1
fire_0098.jpg,1
fire_0297.jpg,1
fire_0424.jpg,1
fire_0203.jpg,1
fire_0285.jpg,1
fire_0665.jpg,1
fire_0057.jpg,1
fire_0355.jpg,1
fire_0123.jpg,1
fire_0450.jpg,1
fire_0527.jpg,1
fire_0176.jpg,1
fire_0182.jpg,1
fire_0271.jpg,1
fire_0310.jpg,1
fire_0351.jpg,1
fire_0373.jpg,1
fire_0202.jpg,1
abc187.jpg,1
fire_0177.jpg,1
abc173.jpg,1
fire_0062.jpg,1
fire_0853.jpg,1
fire_0309.jpg,1
fire_0328.jpg,1
fire_0542.jpg,1
fire_0722.jpg,1
abc139.jpg,1
fire_0487.jpg,1
fire_0053.jpg,1
fire_0249.jpg,1
fire_0432.jpg,1
abc066.jpg,1
fire_0277.jpg,1
fire_0135.jpg,1
fire_0127.jpg,1
fire_0058.jpg,1
fire_0606.jpg,1
abc171.jpg,1
fire_0417.jpg,1
fire_0472.jpg,1
fire_0391.jpg,1
fire_0075.jpg,1
fire_0504.jpg,1
fire_0186.jpg,1
fire_0438.jpg,1
fire_0645.jpg,1
fire_0586.jpg,1
fire_0154.jpg,1
fire_0291.jpg,1
fire_0185.jpg,1
abc004.jpg,1
abc093.jpg,1
fire_0587.jpg,1
fire_0368.jpg,1
fire_0565.jpg,1
fire_0539.jpg,1
fire_0433.jpg,1
abc089.jpg,1
abc023.jpg,1
fire_0352.jpg,1
fire_0236.jpg,1
fire_0266.jpg,1
fire_0574.jpg,1
fire_0827.jpg,1
abc111.jpg,1
fire_0545.jpg,1
fire_0184.jpg,1
fire_0777.jpg,1
abc175.jpg,1
fire_0863.jpg,1
fire_0073.jpg,1
fire_0707.jpg,1
abc064.jpg,1
fire_0394.jpg,1
fire_0694.jpg,1
fire_0035.jpg,1
fire_0364.jpg,1
fire_0076.jpg,1
fire_0507.jpg,1
fire_0634.jpg,1
abc092.jpg,1
fire_0117.jpg,1
abc167.jpg,1
fire_0647.jpg,1
fire_0251.jpg,1
fire_0485.jpg,1
abc109.jpg,1
fire_0544.jpg,1
abc157.jpg,1
fire_0342.jpg,1
abc058.jpg,1
fire_0340.jpg,1
fire_0012.jpg,1
fire_0325.jpg,1
fire_0261.jpg,1
fire_0478.jpg,1
fire_0671.jpg,1
abc141.jpg,1
fire_0718.jpg,1
abc182.jpg,1
fire_0332.jpg,1
fire_0299.jpg,1
fire_0396.jpg,1
fire_0118.jpg,1
fire_0623.jpg,1
abc021.jpg,1
fire_0567.jpg,1
fire_0347.jpg,1
fire_0650.jpg,1
fire_0684.jpg,1
fire_0228.jpg,1
fire_0361.jpg,1
fire_0397.jpg,1
abc098.jpg,1
fire_0016.jpg,1
fire_0631.jpg,1
fire_0716.jpg,1
fire_0573.jpg,1
fire_0719.jpg,1
fire_0494.jpg,1
fire_0440.jpg,1
abc127.jpg,1
fire_0360.jpg,1
fire_0651.jpg,1
abc057.jpg,1
fire_0115.jpg,1
fire_0083.jpg,1
fire_0172.jpg,1
abc065.jpg,1
fire_0281.jpg,1
fire_0653.jpg,1
fire_0264.jpg,1
fire_0696.jpg,1
abc018.jpg,1
fire_0757.jpg,1
fire_0537.jpg,1
fire_0007.jpg,1
fire_0836.jpg,1
fire_0735.jpg,1
abc160.jpg,1
abc162.jpg,1
fire_0467.jpg,1
fire_0505.jpg,1
fire_0691.jpg,1
fire_0253.jpg,1
fire_0448.jpg,1
abc016.jpg,1
fire_0002.jpg,1
fire_0265.jpg,1
fire_0674.jpg,1
fire_0630.jpg,1
fire_0343.jpg,1
fire_0681.jpg,1
fire_0572.jpg,1
fire_0387.jpg,1
fire_0571.jpg,1
fire_0379.jpg,1
fire_0430.jpg,1
fire_0023.jpg,1
fire_0238.jpg,1
abc113.jpg,1
fire_0043.jpg,1
fire_0687.jpg,1
fire_0346.jpg,1
fire_0410.jpg,1
fire_0305.jpg,1
fire_0334.jpg,1
fire_0423.jpg,1
fire_0530.jpg,1
fire_0493.jpg,1
fire_0462.jpg,1
fire_0031.jpg,1
fire_0667.jpg,1
fire_0085.jpg,1
abc062.jpg,1
abc164.jpg,1
abc192.jpg,0
nofire_0282.jpg,0
nofire_0023.jpg,0
nofire_0510.jpg,0
nofire_0130.jpg,0
nofire_0402.jpg,0
nofire_0116.jpg,0
nofire_0104.jpg,0
nofire_0049.jpg,0
nofire_0701.jpg,0
nofire_0163.jpg,0
nofire_0179.jpg,0
nofire_0239.jpg,0
nofire_0228.jpg,0
nofire_0031.jpg,0
nofire_0526.jpg,0
nofire_0702.jpg,0
nofire_0160.jpg,0
nofire_0533.jpg,0
nofire_0726.jpg,0
nofire_0470.jpg,0
nofire_0643.jpg,0
nofire_0345.jpg,0
nofire_0227.jpg,0
abc234.jpg,0
nofire_0410.jpg,0
nofire_0184.jpg,0
nofire_0284.jpg,0
nofire_0682.jpg,0
nofire_0605.jpg,0
abc259.jpg,0
nofire_0109.jpg,0
nofire_0595.jpg,0
nofire_0483.jpg,0
nofire_0427.jpg,0
nofire_0618.jpg,0
nofire_0459.jpg,0
nofire_0672.jpg,0
nofire_0252.jpg,0
nofire_0752.jpg,0
nofire_0092.jpg,0
nofire_0395.jpg,0
abc294.jpg,0
nofire_0042.jpg,0
abc301.jpg,0
nofire_0324.jpg,0
nofire_0540.jpg,0
nofire_0123.jpg,0
nofire_0378.jpg,0
nofire_0210.jpg,0
nofire_0048.jpg,0
nofire_0636.jpg,0
abc278.jpg,0
nofire_0225.jpg,0
nofire_0685.jpg,0
nofire_0690.jpg,0
nofire_0086.jpg,0
nofire_0396.jpg,0
abc227.jpg,0
nofire_0162.jpg,0
nofire_0253.jpg,0
nofire_0716.jpg,0
abc372.jpg,0
nofire_0490.jpg,0
nofire_0135.jpg,0
abc322.jpg,0
nofire_0511.jpg,0
nofire_0691.jpg,0
abc219.jpg,0
nofire_0686.jpg,0
nofire_0714.jpg,0
nofire_0211.jpg,0
abc329.jpg,0
nofire_0597.jpg,0
nofire_0612.jpg,0
nofire_0582.jpg,0
nofire_0651.jpg,0
nofire_0353.jpg,0
nofire_0463.jpg,0
nofire_0350.jpg,0
nofire_0474.jpg,0
nofire_0489.jpg,0
abc272.jpg,0
nofire_0201.jpg,0
nofire_0588.jpg,0
nofire_0008.jpg,0
abc363.jpg,0
nofire_0305.jpg,0
nofire_0328.jpg,0
nofire_0147.jpg,0
abc351.jpg,0
abc243.jpg,0
nofire_0472.jpg,0
nofire_0100.jpg,0
nofire_0403.jpg,0
abc211.jpg,0
nofire_0664.jpg,0
nofire_0669.jpg,0
nofire_0429.jpg,0
nofire_0028.jpg,0
abc353.jpg,0
nofire_0391.jpg,0
nofire_0265.jpg,0
nofire_0069.jpg,0
nofire_0521.jpg,0
abc309.jpg,0
abc345.jpg,0
nofire_0181.jpg,0
nofire_0074.jpg,0
abc283.jpg,0
abc349.jpg,0
nofire_0036.jpg,0
nofire_0673.jpg,0
nofire_0041.jpg,0
nofire_0530.jpg,0
nofire_0437.jpg,0
nofire_0322.jpg,0
nofire_0589.jpg,0
nofire_0247.jpg,0
nofire_0594.jpg,0
abc361.jpg,0
nofire_0182.jpg,0
nofire_0750.jpg,0
nofire_0301.jpg,0
nofire_0385.jpg,0
nofire_0721.jpg,0
abc350.jpg,0
nofire_0712.jpg,0
nofire_0422.jpg,0
abc380.jpg,0
nofire_0311.jpg,0
nofire_0152.jpg,0
nofire_0114.jpg,0
nofire_0744.jpg,0
abc354.jpg,0
nofire_0751.jpg,0
abc293.jpg,0
nofire_0258.jpg,0
nofire_0188.jpg,0
abc197.jpg,0
nofire_0040.jpg,0
nofire_0688.jpg,0
nofire_0022.jpg,0
abc225.jpg,0
nofire_0423.jpg,0
nofire_0616.jpg,0
nofire_0684.jpg,0
nofire_0169.jpg,0
nofire_0076.jpg,0
nofire_0245.jpg,0
nofire_0217.jpg,0
nofire_0630.jpg,0
nofire_0220.jpg,0
nofire_0170.jpg,0
abc281.jpg,0
nofire_0289.jpg,0
nofire_0715.jpg,0
nofire_0115.jpg,0
abc273.jpg,0
abc265.jpg,0
nofire_0336.jpg,0
nofire_0585.jpg,0
nofire_0180.jpg,0
abc198.jpg,0
nofire_0671.jpg,0
nofire_0414.jpg,0
abc241.jpg,0
nofire_0215.jpg,0
nofire_0295.jpg,0
abc230.jpg,0
nofire_0649.jpg,0
abc231.jpg,0
nofire_0460.jpg,0
nofire_0619.jpg,0
nofire_0277.jpg,0
nofire_0126.jpg,0
abc377.jpg,0
abc319.jpg,0
nofire_0523.jpg,0
nofire_0392.jpg,0
abc248.jpg,0
nofire_0398.jpg,0
nofire_0317.jpg,0
nofire_0587.jpg,0
nofire_0094.jpg,0
nofire_0166.jpg,0
abc221.jpg,0
nofire_0416.jpg,0
nofire_0367.jpg,0
nofire_0099.jpg,0
nofire_0033.jpg,0
nofire_0155.jpg,0
nofire_0450.jpg,0
nofire_0665.jpg,0
abc195.jpg,0
nofire_0332.jpg,0
nofire_0737.jpg,0
nofire_0191.jpg,0
nofire_0556.jpg,0
abc317.jpg,0
nofire_0426.jpg,0
abc206.jpg,0
nofire_0349.jpg,0
nofire_0096.jpg,0
abc296.jpg,0
abc376.jpg,0
abc292.jpg,0
nofire_0572.jpg,0
abc295.jpg,0
abc271.jpg,0
nofire_0617.jpg,0
nofire_0187.jpg,0
nofire_0407.jpg,0
abc342.jpg,0
nofire_0424.jpg,0
nofire_0456.jpg,0
nofire_0452.jpg,0
abc359.jpg,0
nofire_0197.jpg,0
nofire_0145.jpg,0
nofire_0272.jpg,0
nofire_0326.jpg,0
nofire_0600.jpg,0
nofire_0110.jpg,0
nofire_0149.jpg,0
abc308.jpg,0
nofire_0598.jpg,0
nofire_0462.jpg,0
nofire_0117.jpg,0
nofire_0642.jpg,0
abc267.jpg,0
nofire_0374.jpg,0
nofire_0441.jpg,0
nofire_0550.jpg,0
nofire_0064.jpg,0
nofire_0658.jpg,0
nofire_0370.jpg,0
nofire_0055.jpg,0
nofire_0141.jpg,0
nofire_0038.jpg,0
nofire_0696.jpg,0
abc208.jpg,0
nofire_0729.jpg,0
nofire_0558.jpg,0
nofire_0544.jpg,0
nofire_0760.jpg,0
nofire_0067.jpg,0
nofire_0704.jpg,0
nofire_0739.jpg,0
nofire_0545.jpg,0
nofire_0330.jpg,0
nofire_0264.jpg,0
nofire_0428.jpg,0
nofire_0611.jpg,0
nofire_0164.jpg,0
nofire_0290.jpg,0
abc205.jpg,0
nofire_0062.jpg,0
nofire_0458.jpg,0
nofire_0548.jpg,0
nofire_0364.jpg,0
nofire_0442.jpg,0
nofire_0409.jpg,0
nofire_0270.jpg,0
nofire_0641.jpg,0
nofire_0628.jpg,0
nofire_0355.jpg,0
nofire_0703.jpg,0
nofire_0287.jpg,0
abc344.jpg,0
abc362.jpg,0
abc375.jpg,0
nofire_0670.jpg,0
abc249.jpg,0
nofire_0195.jpg,0
abc209.jpg,0
nofire_0662.jpg,0
nofire_0430.jpg,0
nofire_0004.jpg,0
abc244.jpg,0
abc346.jpg,0
nofire_0205.jpg,0
nofire_0377.jpg,0
abc276.jpg,0
nofire_0507.jpg,0
abc334.jpg,0
nofire_0269.jpg,0
nofire_0013.jpg,0
abc261.jpg,0
nofire_0632.jpg,0
nofire_0384.jpg,0
abc270.jpg,0
nofire_0532.jpg,0
nofire_0171.jpg,0
nofire_0700.jpg,0
nofire_0568.jpg,0
nofire_0720.jpg,0
nofire_0128.jpg,0
abc366.jpg,0
abc337.jpg,0
nofire_0213.jpg,0
nofire_0382.jpg,0
nofire_0080.jpg,0
nofire_0142.jpg,0
nofire_0007.jpg,0
abc258.jpg,0
nofire_0073.jpg,0
nofire_0578.jpg,0
nofire_0465.jpg,0
nofire_0337.jpg,0
nofire_0477.jpg,0
nofire_0307.jpg,0
nofire_0333.jpg,0
nofire_0308.jpg,0
nofire_0754.jpg,0
nofire_0192.jpg,0
nofire_0193.jpg,0
nofire_0011.jpg,0
nofire_0497.jpg,0
abc333.jpg,0
nofire_0065.jpg,0
nofire_0420.jpg,0
nofire_0706.jpg,0
abc315.jpg,0
nofire_0090.jpg,0
abc277.jpg,0
nofire_0448.jpg,0
nofire_0057.jpg,0
nofire_0574.jpg,0
nofire_0415.jpg,0
nofire_0226.jpg,0
abc289.jpg,0
nofire_0329.jpg,0
nofire_0081.jpg,0
nofire_0625.jpg,0
nofire_0363.jpg,0
nofire_0373.jpg,0
nofire_0102.jpg,0
nofire_0054.jpg,0
nofire_0608.jpg,0
nofire_0644.jpg,0
nofire_0129.jpg,0
nofire_0412.jpg,0
nofire_0240.jpg,0
nofire_0380.jpg,0
nofire_0283.jpg,0
nofire_0740.jpg,0
nofire_0159.jpg,0
abc207.jpg,0
nofire_0001.jpg,0
nofire_0746.jpg,0
nofire_0447.jpg,0
nofire_0640.jpg,0
nofire_0275.jpg,0
abc284.jpg,0
nofire_0151.jpg,0
abc247.jpg,0
nofire_0071.jpg,0
nofire_0722.jpg,0
nofire_0650.jpg,0
nofire_0083.jpg,0
nofire_0321.jpg,0
nofire_0454.jpg,0
nofire_0622.jpg,0
nofire_0356.jpg,0
nofire_0499.jpg,0
nofire_0172.jpg,0
nofire_0232.jpg,0
abc280.jpg,0
nofire_0325.jpg,0
nofire_0176.jpg,0
nofire_0017.jpg,0
nofire_0586.jpg,0
nofire_0043.jpg,0
nofire_0444.jpg,0
nofire_0242.jpg,0
nofire_0121.jpg,0
nofire_0075.jpg,0
nofire_0058.jpg,0
nofire_0208.jpg,0
nofire_0063.jpg,0
nofire_0106.jpg,0
nofire_0512.jpg,0
nofire_0371.jpg,0
abc204.jpg,0
nofire_0278.jpg,0
nofire_0131.jpg,0
nofire_0623.jpg,0
nofire_0668.jpg,0
nofire_0310.jpg,0
abc262.jpg,0
nofire_0368.jpg,0
nofire_0730.jpg,0
abc263.jpg,0
nofire_0561.jpg,0
nofire_0393.jpg,0
nofire_0659.jpg,0
abc240.jpg,0
nofire_0610.jpg,0
nofire_0590.jpg,0
nofire_0026.jpg,0
nofire_0237.jpg,0
nofire_0061.jpg,0
nofire_0575.jpg,0
nofire_0565.jpg,0
nofire_0319.jpg,0
abc325.jpg,0
nofire_0592.jpg,0
nofire_0302.jpg,0
nofire_0105.jpg,0
nofire_0024.jpg,0
nofire_0154.jpg,0
nofire_0753.jpg,0
nofire_0338.jpg,0
abc235.jpg,0
nofire_0133.jpg,0
nofire_0383.jpg,0
nofire_0537.jpg,0
nofire_0294.jpg,0
nofire_0006.jpg,0
nofire_0689.jpg,0
nofire_0088.jpg,0
nofire_0654.jpg,0
nofire_0143.jpg,0
nofire_0132.jpg,0
nofire_0534.jpg,0
nofire_0411.jpg,0
nofire_0455.jpg,0
nofire_0445.jpg,0
nofire_0331.jpg,0
nofire_0563.jpg,0
nofire_0369.jpg,0
nofire_0467.jpg,0
nofire_0698.jpg,0
nofire_0125.jpg,0
abc268.jpg,0
nofire_0635.jpg,0
nofire_0134.jpg,0
abc321.jpg,0
nofire_0674.jpg,0
abc255.jpg,0
abc331.jpg,0
nofire_0335.jpg,0
nofire_0401.jpg,0
nofire_0741.jpg,0
nofire_0481.jpg,0
nofire_0606.jpg,0
nofire_0119.jpg,0
nofire_0139.jpg,0
nofire_0292.jpg,0
nofire_0238.jpg,0
nofire_0249.jpg,0
nofire_0150.jpg,0
nofire_0334.jpg,0
nofire_0687.jpg,0
nofire_0663.jpg,0
nofire_0553.jpg,0
nofire_0522.jpg,0
nofire_0060.jpg,0
nofire_0683.jpg,0
nofire_0631.jpg,0
nofire_0009.jpg,0
nofire_0390.jpg,0
nofire_0723.jpg,0
nofire_0675.jpg,0
nofire_0449.jpg,0
nofire_0482.jpg,0
abc310.jpg,0
nofire_0254.jpg,0
abc191.jpg,0
nofire_0581.jpg,0
nofire_0468.jpg,0
nofire_0546.jpg,0
nofire_0564.jpg,0
abc285.jpg,0
nofire_0624.jpg,0
nofire_0433.jpg,0
nofire_0219.jpg,0
nofire_0257.jpg,0
abc200.jpg,0
abc314.jpg,0
abc237.jpg,0
nofire_0710.jpg,0
nofire_0655.jpg,0
nofire_0615.jpg,0
nofire_0436.jpg,0
abc286.jpg,0
nofire_0560.jpg,0
nofire_0506.jpg,0
abc253.jpg,0
abc368.jpg,0
nofire_0243.jpg,0
nofire_0177.jpg,0
nofire_0484.jpg,0
abc257.jpg,0
nofire_0313.jpg,0
nofire_0168.jpg,0
nofire_0656.jpg,0
nofire_0417.jpg,0
nofire_0736.jpg,0
nofire_0236.jpg,0
nofire_0457.jpg,0
nofire_0717.jpg,0
nofire_0214.jpg,0
nofire_0212.jpg,0
nofire_0286.jpg,0
nofire_0742.jpg,0
nofire_0438.jpg,0
nofire_0262.jpg,0
abc288.jpg,0
nofire_0209.jpg,0
abc254.jpg,0
nofire_0268.jpg,0
nofire_0362.jpg,0
nofire_0051.jpg,0
nofire_0138.jpg,0
nofire_0542.jpg,0
abc217.jpg,0
nofire_0376.jpg,0
abc287.jpg,0
nofire_0015.jpg,0
nofire_0136.jpg,0
nofire_0405.jpg,0
nofire_0361.jpg,0
nofire_0327.jpg,0
nofire_0596.jpg,0
nofire_0045.jpg,0
nofire_0707.jpg,0
nofire_0479.jpg,0
nofire_0103.jpg,0
nofire_0267.jpg,0
nofire_0504.jpg,0
abc218.jpg,0
nofire_0375.jpg,0
nofire_0515.jpg,0
nofire_0315.jpg,0
nofire_0614.jpg,0
nofire_0607.jpg,0
nofire_0667.jpg,0
nofire_0078.jpg,0
abc242.jpg,0
abc360.jpg,0
nofire_0359.jpg,0
nofire_0352.jpg,0
nofire_0604.jpg,0
nofire_0425.jpg,0
nofire_0190.jpg,0
abc357.jpg,0
nofire_0221.jpg,0
nofire_0400.jpg,0
nofire_0518.jpg,0
nofire_0261.jpg,0
nofire_0531.jpg,0
nofire_0694.jpg,0
nofire_0705.jpg,0
nofire_0098.jpg,0
abc311.jpg,0
abc306.jpg,0
abc320.jpg,0
nofire_0541.jpg,0
nofire_0408.jpg,0
nofire_0309.jpg,0
nofire_0379.jpg,0
nofire_0158.jpg,0
nofire_0314.jpg,0
nofire_0365.jpg,0
nofire_0029.jpg,0
nofire_0185.jpg,0
nofire_0089.jpg,0
nofire_0046.jpg,0
abc282.jpg,0
nofire_0634.jpg,0
nofire_0626.jpg,0
nofire_0539.jpg,0
abc364.jpg,0
nofire_0573.jpg,0
nofire_0246.jpg,0
nofire_0432.jpg,0
nofire_0421.jpg,0
nofire_0759.jpg,0
nofire_0296.jpg,0
nofire_0340.jpg,0
nofire_0079.jpg,0
nofire_0645.jpg,0
nofire_0053.jpg,0
nofire_0713.jpg,0
nofire_0044.jpg,0
nofire_0012.jpg,0
nofire_0387.jpg,0
abc279.jpg,0
nofire_0657.jpg,0
nofire_0200.jpg,0
nofire_0519.jpg,0
nofire_0339.jpg,0
nofire_0525.jpg,0
nofire_0276.jpg,0
abc228.jpg,0
nofire_0037.jpg,0
abc233.jpg,0
nofire_0471.jpg,0
abc328.jpg,0
nofire_0002.jpg,0
nofire_0419.jpg,0
nofire_0140.jpg,0
nofire_0613.jpg,0
nofire_0579.jpg,0
nofire_0189.jpg,0
nofire_0453.jpg,0
nofire_0293.jpg,0
nofire_0529.jpg,0
abc266.jpg,0
abc194.jpg,0
abc352.jpg,0
nofire_0124.jpg,0
nofire_0014.jpg,0
abc324.jpg,0
nofire_0366.jpg,0
nofire_0580.jpg,0
nofire_0435.jpg,0
nofire_0137.jpg,0
nofire_0676.jpg,0
abc212.jpg,0
nofire_0101.jpg,0
nofire_0719.jpg,0
nofire_0381.jpg,0
nofire_0404.jpg,0
abc264.jpg,0
abc300.jpg,0
nofire_0609.jpg,0
abc355.jpg,0
nofire_0231.jpg,0
abc260.jpg,0
nofire_0678.jpg,0
abc305.jpg,0
nofire_0633.jpg,0
abc275.jpg,0
nofire_0513.jpg,0
nofire_0569.jpg,0
nofire_0222.jpg,0
nofire_0397.jpg,0
abc290.jpg,0
nofire_0039.jpg,0
nofire_0196.jpg,0
nofire_0486.jpg,0
nofire_0735.jpg,0
nofire_0543.jpg,0
nofire_0621.jpg,0
nofire_0120.jpg,0
nofire_0206.jpg,0
nofire_0487.jpg,0
nofire_0235.jpg,0
nofire_0485.jpg,0
nofire_0745.jpg,0
nofire_0005.jpg,0
nofire_0549.jpg,0
nofire_0203.jpg,0
nofire_0233.jpg,0
abc332.jpg,0
abc347.jpg,0
abc297.jpg,0
nofire_0603.jpg,0
nofire_0602.jpg,0
nofire_0677.jpg,0
nofire_0577.jpg,0
nofire_0297.jpg,0
nofire_0354.jpg,0
nofire_0173.jpg,0
nofire_0360.jpg,0
nofire_0583.jpg,0
nofire_0660.jpg,0
nofire_0562.jpg,0
nofire_0488.jpg,0
abc356.jpg,0
nofire_0218.jpg,0
abc367.jpg,0
nofire_0271.jpg,0
abc246.jpg,0
nofire_0727.jpg,0
nofire_0516.jpg,0
nofire_0755.jpg,0
abc340.jpg,0
nofire_0216.jpg,0
abc379.jpg,0
nofire_0118.jpg,0
nofire_0255.jpg,0
nofire_0175.jpg,0
nofire_0566.jpg,0
nofire_0527.jpg,0
abc245.jpg,0
nofire_0148.jpg,0
abc373.jpg,0
nofire_0047.jpg,0
nofire_0122.jpg,0
nofire_0734.jpg,0
nofire_0087.jpg,0
abc239.jpg,0
nofire_0111.jpg,0
nofire_0501.jpg,0
nofire_0680.jpg,0
nofire_0738.jpg,0
nofire_0388.jpg,0
nofire_0418.jpg,0
nofire_0538.jpg,0
nofire_0156.jpg,0
nofire_0066.jpg,0
nofire_0199.jpg,0
nofire_0230.jpg,0
abc335.jpg,0
nofire_0274.jpg,0
nofire_0348.jpg,0
nofire_0536.jpg,0
nofire_0112.jpg,0
nofire_0318.jpg,0
nofire_0167.jpg,0
nofire_0431.jpg,0
abc318.jpg,0
abc343.jpg,0
nofire_0446.jpg,0
nofire_0050.jpg,0
nofire_0020.jpg,0
nofire_0165.jpg,0
nofire_0035.jpg,0
nofire_0399.jpg,0
abc338.jpg,0
abc369.jpg,0
nofire_0743.jpg,0
nofire_0003.jpg,0
nofire_0394.jpg,0
nofire_0652.jpg,0
nofire_0186.jpg,0
nofire_0732.jpg,0
nofire_0300.jpg,0
nofire_0034.jpg,0
nofire_0234.jpg,0
nofire_0059.jpg,0
abc269.jpg,0
nofire_0520.jpg,0
nofire_0032.jpg,0
nofire_0280.jpg,0
abc312.jpg,0
nofire_0229.jpg,0
nofire_0263.jpg,0
nofire_0728.jpg,0
nofire_0547.jpg,0
nofire_0699.jpg,0
nofire_0524.jpg,0
nofire_0146.jpg,0
nofire_0748.jpg,0
nofire_0514.jpg,0
nofire_0601.jpg,0
nofire_0323.jpg,0
nofire_0478.jpg,0
nofire_0306.jpg,0
nofire_0646.jpg,0
nofire_0473.jpg,0
abc238.jpg,0
nofire_0273.jpg,0
abc365.jpg,0
nofire_0093.jpg,0
abc215.jpg,0
nofire_0279.jpg,0
nofire_0259.jpg,0
nofire_0648.jpg,0
nofire_0443.jpg,0
nofire_0439.jpg,0
nofire_0281.jpg,0
nofire_0144.jpg,0
abc224.jpg,0
nofire_0591.jpg,0
nofire_0070.jpg,0
nofire_0733.jpg,0
nofire_0161.jpg,0
nofire_0724.jpg,0
nofire_0639.jpg,0
nofire_0342.jpg,0
nofire_0498.jpg,0
abc216.jpg,0
abc201.jpg,0
nofire_0248.jpg,0
nofire_0344.jpg,0
nofire_0570.jpg,0
nofire_0107.jpg,0
nofire_0505.jpg,0
nofire_0708.jpg,0
nofire_0679.jpg,0
nofire_0599.jpg,0
nofire_0346.jpg,0
nofire_0285.jpg,0
nofire_0491.jpg,0
nofire_0711.jpg,0
nofire_0627.jpg,0
nofire_0440.jpg,0
nofire_0495.jpg,0
nofire_0016.jpg,0
nofire_0666.jpg,0
nofire_0241.jpg,0
abc323.jpg,0
abc339.jpg,0
abc251.jpg,0
nofire_0476.jpg,0
nofire_0010.jpg,0
nofire_0304.jpg,0
nofire_0555.jpg,0
nofire_0559.jpg,0
abc307.jpg,0
abc213.jpg,0
nofire_0244.jpg,0
nofire_0194.jpg,0
nofire_0085.jpg,0
nofire_0576.jpg,0
nofire_0113.jpg,0
nofire_0647.jpg,0
abc378.jpg,0
nofire_0183.jpg,0
nofire_0052.jpg,0
nofire_0343.jpg,0
nofire_0554.jpg,0
abc304.jpg,0
nofire_0207.jpg,0
abc374.jpg,0
nofire_0492.jpg,0
nofire_0250.jpg,0
nofire_0695.jpg,0
nofire_0027.jpg,0
nofire_0025.jpg,0
nofire_0291.jpg,0
nofire_0681.jpg,0
nofire_0266.jpg,0
abc371.jpg,0
nofire_0629.jpg,0
abc313.jpg,0
nofire_0068.jpg,0
nofire_0466.jpg,0
nofire_0351.jpg,0
nofire_0709.jpg,0
nofire_0127.jpg,0
nofire_0593.jpg,0
nofire_0500.jpg,0
nofire_0517.jpg,0
nofire_0528.jpg,0
nofire_0653.jpg,0
nofire_0091.jpg,0
abc232.jpg,0
nofire_0303.jpg,0
nofire_0508.jpg,0
abc302.jpg,0
nofire_0299.jpg,0
abc202.jpg,0
nofire_0030.jpg,0
abc348.jpg,0
nofire_0620.jpg,0
abc236.jpg,0
nofire_0461.jpg,0
abc326.jpg,0
nofire_0747.jpg,0
nofire_0288.jpg,0
nofire_0223.jpg,0
nofire_0758.jpg,0
nofire_0503.jpg,0
nofire_0535.jpg,0
abc336.jpg,0
nofire_0571.jpg,0
nofire_0637.jpg,0
abc316.jpg,0
abc196.jpg,0
nofire_0406.jpg,0
abc370.jpg,0
nofire_0493.jpg,0
abc274.jpg,0
nofire_0260.jpg,0
abc220.jpg,0
nofire_0434.jpg,0
abc222.jpg,0
nofire_0718.jpg,0
abc341.jpg,0
nofire_0256.jpg,0
nofire_0298.jpg,0
nofire_0475.jpg,0
abc252.jpg,0
nofire_0077.jpg,0
abc298.jpg,0
nofire_0198.jpg,0
nofire_0082.jpg,0
nofire_0153.jpg,0
nofire_0204.jpg,0
nofire_0756.jpg,0
nofire_0509.jpg,0
nofire_0095.jpg,0
nofire_0347.jpg,0
nofire_0749.jpg,0
nofire_0551.jpg,0
nofire_0018.jpg,0
nofire_0502.jpg,0
abc250.jpg,0
nofire_0097.jpg,0
nofire_0021.jpg,0
nofire_0469.jpg,0
nofire_0320.jpg,0
nofire_0757.jpg,0
nofire_0693.jpg,0
abc226.jpg,0
nofire_0341.jpg,0
nofire_0084.jpg,0
abc358.jpg,0
nofire_0372.jpg,0
nofire_0552.jpg,0
nofire_0157.jpg,0
abc330.jpg,0
nofire_0019.jpg,0
nofire_0312.jpg,0
abc199.jpg,0
nofire_0358.jpg,0
nofire_0357.jpg,0
abc193.jpg,0
nofire_0584.jpg,0
nofire_0251.jpg,0
nofire_0178.jpg,0
nofire_0725.jpg,0
nofire_0386.jpg,0
nofire_0451.jpg,0
nofire_0638.jpg,0
nofire_0697.jpg,0
nofire_0202.jpg,0
nofire_0480.jpg,0
abc210.jpg,0
abc303.jpg,0
nofire_0692.jpg,0
abc229.jpg,0
nofire_0316.jpg,0
abc327.jpg,0
abc203.jpg,0
abc223.jpg,0
nofire_0224.jpg,0
nofire_0557.jpg,0
nofire_0389.jpg,0
nofire_0496.jpg,0
nofire_0731.jpg,0
nofire_0494.jpg,0
abc299.jpg,0
nofire_0413.jpg,0
nofire_0661.jpg,0
nofire_0174.jpg,0
nofire_0108.jpg,0
abc291.jpg,0
abc256.jpg,0
nofire_0072.jpg,0
nofire_0464.jpg,0
abc214.jpg,0
nofire_0567.jpg,0
nofire_0056.jpg,0
